factor,post_mean,post_std,hdi_2.5%,hdi_97.5%,pip,shrinkage_kappa,signal_strength,rhat,ess_bulk
factor_mom_z,0.000262315898456463,0.00027137285077507157,-0.00020295512836068837,0.0008294839102673117,0.198375,0.9999937316461589,6.268353841099028e-06,0.9999764651379685,4503.407890510955
factor_vol_z,0.002926705936585118,0.0002917894304475262,0.0023234849508206694,0.0034798252997583004,1.0,0.9999718199595472,2.818004045279654e-05,1.0005630050043284,7618.10719866074
factor_size_z,-0.0009691130285697225,0.00032216229992571694,-0.0015900424844131895,-0.0003230211710349615,0.924875,0.9999882444271007,1.175557289934126e-05,1.0008842217872487,6284.120126943443
factor_str_z,0.00011935725297051905,0.0002399826076062067,-0.00034448277301216444,0.000611595032208147,0.075625,0.9999961917676755,3.8082323244870153e-06,1.000236835433488,6460.716678322316
