factor,mean_coef,nw_se,t_stat,p_value,n_months,pct_positive
intercept,0.0010994370590891366,0.0004022239480175937,2.733395324937356,0.006901450764658756,179,0.5921787709497207
factor_mom_z,0.0009307658636155297,0.0007781400693829137,1.1961418004777116,0.2332321249481566,179,0.553072625698324
factor_vol_z,0.0028390256855230257,0.0010868245193003654,2.6122208646439313,0.009764136983796412,179,0.5251396648044693
factor_size_z,-0.0014169246131737043,0.00046242563181400317,-3.0641134826704843,0.0025227740392979037,179,0.35195530726256985
factor_str_z,-0.00014892626833421172,0.0007158369134856903,-0.20804496880306353,0.8354317057335106,179,0.5027932960893855
